{
    "accuracy": 0.9904761904761905,
    "precision": 1.0,
    "recall": 0.9809523809523809,
    "f1": 0.9903846153846153,
    "roc_auc": 1.0,
    "prefix_accuracy": {
        "64": 0.9904761904761905,
        "128": 0.9904761904761905,
        "256": 0.9904761904761905
    }
}